asn,asn_holder,observed_public_probes,connected_public_probes,country_code,snapshot_at_utc,source_url,interpretation
37705,TOPNET - TOPNET,15,2,TN,2026-08-01T16:12:28+00:00,https://atlas.ripe.net/api/v2/probes/?country_code=TN&page_size=500,"Volunteer measurement footprint; not market share, QoS ranking or outage frequency."
2609,TN-BB-AS - IDDQD-AS,13,2,TN,2026-08-01T16:12:28+00:00,https://atlas.ripe.net/api/v2/probes/?country_code=TN&page_size=500,"Volunteer measurement footprint; not market share, QoS ranking or outage frequency."
37492,Orange Tunisie - Orange Tunisie,9,1,TN,2026-08-01T16:12:28+00:00,https://atlas.ripe.net/api/v2/probes/?country_code=TN&page_size=500,"Volunteer measurement footprint; not market share, QoS ranking or outage frequency."
,ASN unavailable,8,0,TN,2026-08-01T16:12:28+00:00,https://atlas.ripe.net/api/v2/probes/?country_code=TN&page_size=500,"Volunteer measurement footprint; not market share, QoS ranking or outage frequency."
37693,OOREDOO TUNISIE SA - OOREDOO TUNISIE SA,4,0,TN,2026-08-01T16:12:28+00:00,https://atlas.ripe.net/api/v2/probes/?country_code=TN&page_size=500,"Volunteer measurement footprint; not market share, QoS ranking or outage frequency."
37671,3S INF - 3S INF,3,0,TN,2026-08-01T16:12:28+00:00,https://atlas.ripe.net/api/v2/probes/?country_code=TN&page_size=500,"Volunteer measurement footprint; not market share, QoS ranking or outage frequency."
37717,Centre de Calcul El Khawarizmi - Centre de Calcul El Khawarizmi,2,0,TN,2026-08-01T16:12:28+00:00,https://atlas.ripe.net/api/v2/probes/?country_code=TN&page_size=500,"Volunteer measurement footprint; not market share, QoS ranking or outage frequency."
327934,SOCIETE NATIONALE DES TELECOMMUNICATIONS (Tunisie Telecom) - SOCIETE NATIONALE DES TELECOMMUNICATIONS (Tunisie Telecom),2,2,TN,2026-08-01T16:12:28+00:00,https://atlas.ripe.net/api/v2/probes/?country_code=TN&page_size=500,"Volunteer measurement footprint; not market share, QoS ranking or outage frequency."
12322,PROXAD Free SAS,1,0,TN,2026-08-01T16:12:28+00:00,https://atlas.ripe.net/api/v2/probes/?country_code=TN&page_size=500,"Volunteer measurement footprint; not market share, QoS ranking or outage frequency."
31245,ATI - Agence Tunisienne Internet - ATI - Agence Tunisienne Internet,1,0,TN,2026-08-01T16:12:28+00:00,https://atlas.ripe.net/api/v2/probes/?country_code=TN&page_size=500,"Volunteer measurement footprint; not market share, QoS ranking or outage frequency."
3333,RIPE-NCC-AS Reseaux IP Europeens Network Coordination Centre (RIPE NCC),1,0,TN,2026-08-01T16:12:28+00:00,https://atlas.ripe.net/api/v2/probes/?country_code=TN&page_size=500,"Volunteer measurement footprint; not market share, QoS ranking or outage frequency."
5438,ATI-TN Agence Tunisienne d'Internet,1,0,TN,2026-08-01T16:12:28+00:00,https://atlas.ripe.net/api/v2/probes/?country_code=TN&page_size=500,"Volunteer measurement footprint; not market share, QoS ranking or outage frequency."
328880,STE INTERNET SMART SOLUTIONS - STE INTERNET SMART SOLUTIONS,1,0,TN,2026-08-01T16:12:28+00:00,https://atlas.ripe.net/api/v2/probes/?country_code=TN&page_size=500,"Volunteer measurement footprint; not market share, QoS ranking or outage frequency."
